Accuracy,Precision,Recall,F-Score,AUC,Average Log Loss,Training Log Loss
0.809599575709361,0.662682602921647,0.109598067208434,0.188088955898982,0.797882605562532,0.407536751104886,18.8337134886001
